2026-08-15T03:51:20+00:00	active=week2-rayservice-2d2wx	pending=week2-rayservice-k9nx6	status=Running	clusters=raycluster.ray.io/week2-rayservice-2d2wx,raycluster.ray.io/week2-rayservice-k9nx6
2026-08-15T03:51:23+00:00	active=week2-rayservice-2d2wx	pending=week2-rayservice-k9nx6	status=Running	clusters=raycluster.ray.io/week2-rayservice-2d2wx,raycluster.ray.io/week2-rayservice-k9nx6
2026-08-15T03:51:26+00:00	active=week2-rayservice-2d2wx	pending=week2-rayservice-k9nx6	status=Running	clusters=raycluster.ray.io/week2-rayservice-2d2wx,raycluster.ray.io/week2-rayservice-k9nx6
2026-08-15T03:51:30+00:00	active=week2-rayservice-2d2wx	pending=week2-rayservice-k9nx6	status=Running	clusters=raycluster.ray.io/week2-rayservice-2d2wx,raycluster.ray.io/week2-rayservice-k9nx6
2026-08-15T03:51:33+00:00	active=week2-rayservice-2d2wx	pending=week2-rayservice-k9nx6	status=Running	clusters=raycluster.ray.io/week2-rayservice-2d2wx,raycluster.ray.io/week2-rayservice-k9nx6
2026-08-15T03:51:36+00:00	active=week2-rayservice-2d2wx	pending=week2-rayservice-k9nx6	status=Running	clusters=raycluster.ray.io/week2-rayservice-2d2wx,raycluster.ray.io/week2-rayservice-k9nx6
2026-08-15T03:51:39+00:00	active=week2-rayservice-2d2wx	pending=week2-rayservice-k9nx6	status=Running	clusters=raycluster.ray.io/week2-rayservice-2d2wx,raycluster.ray.io/week2-rayservice-k9nx6
2026-08-15T03:51:42+00:00	active=week2-rayservice-2d2wx	pending=week2-rayservice-k9nx6	status=Running	clusters=raycluster.ray.io/week2-rayservice-2d2wx,raycluster.ray.io/week2-rayservice-k9nx6
2026-08-15T03:51:45+00:00	active=week2-rayservice-2d2wx	pending=week2-rayservice-k9nx6	status=Running	clusters=raycluster.ray.io/week2-rayservice-2d2wx,raycluster.ray.io/week2-rayservice-k9nx6
2026-08-15T03:51:49+00:00	active=week2-rayservice-2d2wx	pending=week2-rayservice-k9nx6	status=Running	clusters=raycluster.ray.io/week2-rayservice-2d2wx,raycluster.ray.io/week2-rayservice-k9nx6
2026-08-15T03:51:52+00:00	active=week2-rayservice-2d2wx	pending=week2-rayservice-k9nx6	status=Running	clusters=raycluster.ray.io/week2-rayservice-2d2wx,raycluster.ray.io/week2-rayservice-k9nx6
2026-08-15T03:51:55+00:00	active=week2-rayservice-2d2wx	pending=week2-rayservice-k9nx6	status=Running	clusters=raycluster.ray.io/week2-rayservice-2d2wx,raycluster.ray.io/week2-rayservice-k9nx6
2026-08-15T03:51:58+00:00	active=week2-rayservice-2d2wx	pending=week2-rayservice-k9nx6	status=Running	clusters=raycluster.ray.io/week2-rayservice-2d2wx,raycluster.ray.io/week2-rayservice-k9nx6
2026-08-15T03:52:01+00:00	active=week2-rayservice-2d2wx	pending=week2-rayservice-k9nx6	status=Running	clusters=raycluster.ray.io/week2-rayservice-2d2wx,raycluster.ray.io/week2-rayservice-k9nx6
2026-08-15T03:52:04+00:00	active=week2-rayservice-2d2wx	pending=week2-rayservice-k9nx6	status=Running	clusters=raycluster.ray.io/week2-rayservice-2d2wx,raycluster.ray.io/week2-rayservice-k9nx6
2026-08-15T03:52:07+00:00	active=week2-rayservice-2d2wx	pending=week2-rayservice-k9nx6	status=Running	clusters=raycluster.ray.io/week2-rayservice-2d2wx,raycluster.ray.io/week2-rayservice-k9nx6
2026-08-15T03:52:11+00:00	active=week2-rayservice-2d2wx	pending=week2-rayservice-k9nx6	status=Running	clusters=raycluster.ray.io/week2-rayservice-2d2wx,raycluster.ray.io/week2-rayservice-k9nx6
2026-08-15T03:52:14+00:00	active=week2-rayservice-2d2wx	pending=week2-rayservice-k9nx6	status=Running	clusters=raycluster.ray.io/week2-rayservice-2d2wx,raycluster.ray.io/week2-rayservice-k9nx6
2026-08-15T03:52:17+00:00	active=week2-rayservice-2d2wx	pending=week2-rayservice-k9nx6	status=Running	clusters=raycluster.ray.io/week2-rayservice-2d2wx,raycluster.ray.io/week2-rayservice-k9nx6
2026-08-15T03:52:20+00:00	active=week2-rayservice-k9nx6	pending=	status=Running	clusters=raycluster.ray.io/week2-rayservice-2d2wx,raycluster.ray.io/week2-rayservice-k9nx6
